[
    {
        "class": "常用网站",
        "links": 
        [
            {
            "title": "Overleaf",
            "url": "https://www.overleaf.com/project",
            "icon":"icon-jiaocheng",
            "color":"#ff6019"
            },
            {
            "title": "阿里云盘",
            "url": "https://www.alipan.com/drive/home",
            "icon":"icon-cloudflare",
            "color":"#059"
            },
            {
                "title": "南理工邮箱",
                "url": "https://mail.njust.edu.cn/",
                "icon":"icon-youxiang",
                "color":"#059"
            },
            {
                "title": "新标签页",
                "url": "https://go.itab.link/",
                "icon":"icon-wode",
                "color":"#059"
            }
        ]

    },
    {
        "class": "常用工具",
        "links": 
         [
            {
                "title": "阿里图标",
                "url": "https://www.iconfont.cn/",
                "icon":"icon-iconfont",
                "color":"#ff6019"
            },
            {
                "title": "网盘解析",
                "url": "https://www.baiduwp.com",
                "icon":"icon-cloud-download",
                "color":"#148bfe"
            }
          ]
    }
]
